institution,identifier,name,eligible
2,etudiant001,Etudiant 1,oui
2,etudiant002,Etudiant 2,oui
2,etudiant003,Etudiant 3,oui
2,etudiant004,Etudiant 4,oui
2,etudiant005,Etudiant 5,oui
2,etudiant006,Etudiant 6,oui
2,etudiant007,Etudiant 7,oui
2,etudiant008,Etudiant 8,oui
2,etudiant009,Etudiant 9,oui
2,etudiant010,Etudiant 10,oui
2,etudiant011,Etudiant 11,oui
2,etudiant012,Etudiant 12,oui
2,etudiant013,Etudiant 13,oui
2,etudiant014,Etudiant 14,oui
2,etudiant015,Etudiant 15,oui
2,etudiant016,Etudiant 16,oui
2,etudiant017,Etudiant 17,oui
2,etudiant018,Etudiant 18,oui
2,etudiant019,Etudiant 19,oui
2,etudiant020,Etudiant 20,oui
2,etudiant021,Etudiant 21,oui
2,etudiant022,Etudiant 22,oui
2,etudiant023,Etudiant 23,oui
2,etudiant024,Etudiant 24,oui
2,etudiant025,Etudiant 25,oui
2,etudiant026,Etudiant 26,oui
2,etudiant027,Etudiant 27,oui
2,etudiant028,Etudiant 28,oui
2,etudiant029,Etudiant 29,oui
2,etudiant030,Etudiant 30,oui
2,etudiant031,Etudiant 31,oui
2,etudiant032,Etudiant 32,oui
2,etudiant033,Etudiant 33,oui
2,etudiant034,Etudiant 34,oui
2,etudiant035,Etudiant 35,oui
2,etudiant036,Etudiant 36,oui
2,etudiant037,Etudiant 37,oui
2,etudiant038,Etudiant 38,oui
2,etudiant039,Etudiant 39,oui
2,etudiant040,Etudiant 40,oui
2,etudiant041,Etudiant 41,oui
2,etudiant042,Etudiant 42,oui
2,etudiant043,Etudiant 43,oui
2,etudiant044,Etudiant 44,oui
2,etudiant045,Etudiant 45,oui
2,etudiant046,Etudiant 46,oui
2,etudiant047,Etudiant 47,oui
2,etudiant048,Etudiant 48,oui
2,etudiant049,Etudiant 49,oui
2,etudiant050,Etudiant 50,oui
2,etudiant051,Etudiant 51,oui
2,etudiant052,Etudiant 52,oui
2,etudiant053,Etudiant 53,oui
2,etudiant054,Etudiant 54,oui
2,etudiant055,Etudiant 55,oui
2,etudiant056,Etudiant 56,oui
2,etudiant057,Etudiant 57,oui
2,etudiant058,Etudiant 58,oui
2,etudiant059,Etudiant 59,oui
2,etudiant060,Etudiant 60,oui
2,etudiant061,Etudiant 61,oui
2,etudiant062,Etudiant 62,oui
2,etudiant063,Etudiant 63,oui
2,etudiant064,Etudiant 64,oui
2,etudiant065,Etudiant 65,oui
2,etudiant066,Etudiant 66,oui
2,etudiant067,Etudiant 67,oui
2,etudiant068,Etudiant 68,oui
2,etudiant069,Etudiant 69,oui
2,etudiant070,Etudiant 70,oui
2,etudiant071,Etudiant 71,oui
2,etudiant072,Etudiant 72,oui
2,etudiant073,Etudiant 73,oui
2,etudiant074,Etudiant 74,oui
2,etudiant075,Etudiant 75,oui
2,etudiant076,Etudiant 76,oui
2,etudiant077,Etudiant 77,oui
2,etudiant078,Etudiant 78,oui
2,etudiant079,Etudiant 79,oui
2,etudiant080,Etudiant 80,oui
2,etudiant081,Etudiant 81,oui
2,etudiant082,Etudiant 82,oui
2,etudiant083,Etudiant 83,oui
2,etudiant084,Etudiant 84,oui
2,etudiant085,Etudiant 85,oui
2,etudiant086,Etudiant 86,oui
2,etudiant087,Etudiant 87,oui
2,etudiant088,Etudiant 88,oui
2,etudiant089,Etudiant 89,oui
2,etudiant090,Etudiant 90,oui
2,etudiant091,Etudiant 91,oui
2,etudiant092,Etudiant 92,oui
2,etudiant093,Etudiant 93,oui
2,etudiant094,Etudiant 94,oui
2,etudiant095,Etudiant 95,oui
2,etudiant096,Etudiant 96,oui
2,etudiant097,Etudiant 97,oui
2,etudiant098,Etudiant 98,oui
2,etudiant099,Etudiant 99,oui
2,etudiant100,Etudiant 100,oui
2,etudiant101,Etudiant 101,oui
2,etudiant102,Etudiant 102,oui
2,etudiant103,Etudiant 103,oui
2,etudiant104,Etudiant 104,oui
2,etudiant105,Etudiant 105,oui
2,etudiant106,Etudiant 106,oui
2,etudiant107,Etudiant 107,oui
2,etudiant108,Etudiant 108,oui
2,etudiant109,Etudiant 109,oui
2,etudiant110,Etudiant 110,oui
2,etudiant111,Etudiant 111,oui
2,etudiant112,Etudiant 112,oui
2,etudiant113,Etudiant 113,oui
2,etudiant114,Etudiant 114,oui
2,etudiant115,Etudiant 115,oui
