identifier,name
etudiant001,Etudiant 1
etudiant002,Etudiant 2
etudiant003,Etudiant 3
etudiant004,Etudiant 4
etudiant005,Etudiant 5
etudiant006,Etudiant 6
etudiant007,Etudiant 7
etudiant008,Etudiant 8
etudiant009,Etudiant 9
etudiant010,Etudiant 10
etudiant011,Etudiant 11
etudiant012,Etudiant 12
etudiant013,Etudiant 13
etudiant014,Etudiant 14
etudiant015,Etudiant 15
etudiant016,Etudiant 16
etudiant017,Etudiant 17
etudiant018,Etudiant 18
etudiant019,Etudiant 19
etudiant020,Etudiant 20
etudiant021,Etudiant 21
etudiant022,Etudiant 22
etudiant023,Etudiant 23
etudiant024,Etudiant 24
etudiant025,Etudiant 25
etudiant026,Etudiant 26
etudiant027,Etudiant 27
etudiant028,Etudiant 28
etudiant029,Etudiant 29
etudiant030,Etudiant 30
etudiant031,Etudiant 31
etudiant032,Etudiant 32
etudiant033,Etudiant 33
etudiant034,Etudiant 34
etudiant035,Etudiant 35
etudiant036,Etudiant 36
etudiant037,Etudiant 37
etudiant038,Etudiant 38
etudiant039,Etudiant 39
etudiant040,Etudiant 40
etudiant041,Etudiant 41
etudiant042,Etudiant 42
etudiant043,Etudiant 43
etudiant044,Etudiant 44
etudiant045,Etudiant 45
etudiant046,Etudiant 46
etudiant047,Etudiant 47
etudiant048,Etudiant 48
etudiant049,Etudiant 49
etudiant050,Etudiant 50
etudiant051,Etudiant 51
etudiant052,Etudiant 52
etudiant053,Etudiant 53
etudiant054,Etudiant 54
etudiant055,Etudiant 55
etudiant056,Etudiant 56
etudiant057,Etudiant 57
etudiant058,Etudiant 58
etudiant059,Etudiant 59
etudiant060,Etudiant 60
etudiant061,Etudiant 61
etudiant062,Etudiant 62
etudiant063,Etudiant 63
etudiant064,Etudiant 64
etudiant065,Etudiant 65
etudiant066,Etudiant 66
etudiant067,Etudiant 67
etudiant068,Etudiant 68
etudiant069,Etudiant 69
etudiant070,Etudiant 70
etudiant071,Etudiant 71
etudiant072,Etudiant 72
etudiant073,Etudiant 73
etudiant074,Etudiant 74
etudiant075,Etudiant 75
etudiant076,Etudiant 76
etudiant077,Etudiant 77
etudiant078,Etudiant 78
etudiant079,Etudiant 79
etudiant080,Etudiant 80
etudiant081,Etudiant 81
etudiant082,Etudiant 82
etudiant083,Etudiant 83
etudiant084,Etudiant 84
etudiant085,Etudiant 85
etudiant086,Etudiant 86
etudiant087,Etudiant 87
etudiant088,Etudiant 88
etudiant089,Etudiant 89
etudiant090,Etudiant 90
etudiant091,Etudiant 91
etudiant092,Etudiant 92
etudiant093,Etudiant 93
etudiant094,Etudiant 94
etudiant095,Etudiant 95
etudiant096,Etudiant 96
etudiant097,Etudiant 97
etudiant098,Etudiant 98
etudiant099,Etudiant 99
etudiant100,Etudiant 100
etudiant101,Etudiant 101
etudiant102,Etudiant 102
etudiant103,Etudiant 103
etudiant104,Etudiant 104
etudiant105,Etudiant 105
etudiant106,Etudiant 106
etudiant107,Etudiant 107
etudiant108,Etudiant 108
etudiant109,Etudiant 109
etudiant110,Etudiant 110
etudiant111,Etudiant 111
etudiant112,Etudiant 112
etudiant113,Etudiant 113
etudiant114,Etudiant 114
etudiant115,Etudiant 115
